treatment_type,Total_Treatments,Total_Cost,Average_Cost
Chemotherapy,49,128855.68,2629.7077551020407
ECG,38,96224.24,2532.2168421052634
MRI,36,116098.16,3224.948888888889
Physiotherapy,36,99418.1,2761.613888888889
X-Ray,41,110653.67,2698.87
